<?xml version="1.0" encoding="UTF-8"?>
<beans xmlns="http://www.springframework.org/schema/beans"
	xmlns:xsi="http://www.w3.org/2001/XMLSchema-instance"
	xsi:schemaLocation="http://www.springframework.org/schema/beans http://www.springframework.org/schema/beans/spring-beans.xsd">

	<bean id="dataSource" 
		class="org.apache.commons.dbcp.BasicDataSource"
		destroy-method="close">
		<property name="driverClassName" value="com.mysql.jdbc.Driver"/>
		<property name="url" value="jdbc:mysql://192.168.3.242:3306/self_Driving"/>
		<property name="username" value="root"/>
		<property name="password" value="12345"/>
		<property name="initialSize" value="3"/>
		<property name="maxActive" value="10"/>
		<property name="maxIdle" value="3"/>
	</bean>
</beans>
