<?xml version="1.0" encoding="UTF-8"?>
<Configuration>
	<Appenders>
		<Console name="console" target="SYSTEM_OUT">

			<PatternLayout pattern="%5p [%c.%M()] %m%n" />

		</Console>
	</Appenders>
	<Loggers>
		<Logger name="com.mycompany.project" level="DEBUG"
			additivity="false">
			<AppenderRef ref="console" />
		</Logger>
		<Logger name="java.sql" level="DEBUG" additivity="false">
			<AppenderRef ref="console" />
		</Logger>
		<Logger name="jdbc.sqltiming" level="DEBUG" additivity="false">
			<AppenderRef ref="console" />
		</Logger>
	</Loggers>
</Configuration>

