<?xml version="1.0" encoding="UTF-8"?>
<beans xmlns="http://www.springframework.org/schema/beans" xmlns:xsi="http://www.w3.org/2001/XMLSchema-instance" xmlns:mvc="http://www.springframework.org/schema/mvc" xmlns:context="http://www.springframework.org/schema/context" xsi:schemaLocation="http://www.springframework.org/schema/mvc http://www.springframework.org/schema/mvc/spring-mvc.xsd http://www.springframework.org/schema/beans http://www.springframework.org/schema/beans/spring-beans.xsd http://www.springframework.org/schema/context http://www.springframework.org/schema/context/spring-context.xsd">

	<mvc:annotation-driven/>
	
	<context:component-scan base-package="com.mycompany.project">
		<context:exclude-filter type="annotation" expression="org.springframework.stereotype.Service"/>
		<context:exclude-filter type="annotation" expression="org.springframework.stereotype.Repository"/>
	</context:component-scan>
	
	<bean class="org.springframework.web.servlet.view.InternalResourceViewResolver">
		<property name="prefix" value="/WEB-INF/jsp/"/>
		<property name="suffix" value=".jsp"/>
	</bean>
	
	<!-- 파일 업로드 용량 최대치 설정 -->
	<bean id="multipartResolver" class="org.springframework.web.multipart.commons.CommonsMultipartResolver">
		<property name="maxUploadSizePerFile" value="1000000000"/>
	</bean>
	
	<bean id="messageSource" class="org.springframework.context.support.ReloadableResourceBundleMessageSource">
		<property name="basenames">
			<list>
			 	<value>/WEB-INF/springmvc/message/message-mvc</value>
			</list>
		</property>
		<property name="defaultEncoding" value="UTF-8"/>
		<property name="cacheSeconds" value="60"/>
	</bean>
</beans>